chromosome	base_pair_location	effect_allele	other_allele	beta	standard_error	effect_allele_frequency	p_value	variant_id	rsid
1	100000	A	G	0.00000	0.0123	0.45	1.000e-03	1_100000_A_G	rs500000
1	100037	A	G	0.00100	0.0123	0.45	5.000e-04	1_100037_A_G	rs500001
1	100074	A	G	0.00200	0.0123	0.45	3.333e-04	1_100074_A_G	rs500002
1	100111	A	G	0.00300	0.0123	0.45	2.500e-04	1_100111_A_G	rs500003
1	100148	A	G	0.00400	0.0123	0.45	2.000e-04	1_100148_A_G	rs500004
1	100185	A	G	0.00500	0.0123	0.45	1.667e-04	1_100185_A_G	rs500005
1	100222	A	G	0.00600	0.0123	0.45	1.429e-04	1_100222_A_G	rs500006
1	100259	A	G	0.00700	0.0123	0.45	1.250e-04	1_100259_A_G	rs500007
1	100296	A	G	0.00800	0.0123	0.45	1.111e-04	1_100296_A_G	rs500008
1	100333	A	G	0.00900	0.0123	0.45	1.000e-04	1_100333_A_G	rs500009
1	100370	A	G	0.01000	0.0123	0.45	9.091e-05	1_100370_A_G	rs500010
1	100407	A	G	0.01100	0.0123	0.45	8.333e-05	1_100407_A_G	rs500011
1	100444	A	G	0.01200	0.0123	0.45	7.692e-05	1_100444_A_G	rs500012
1	100481	A	G	0.01300	0.0123	0.45	7.143e-05	1_100481_A_G	rs500013
1	100518	A	G	0.01400	0.0123	0.45	6.667e-05	1_100518_A_G	rs500014
1	100555	A	G	0.01500	0.0123	0.45	6.250e-05	1_100555_A_G	rs500015
1	100592	A	G	0.01600	0.0123	0.45	5.882e-05	1_100592_A_G	rs500016
1	100629	A	G	0.01700	0.0123	0.45	5.556e-05	1_100629_A_G	rs500017
1	100666	A	G	0.01800	0.0123	0.45	5.263e-05	1_100666_A_G	rs500018
1	100703	A	G	0.01900	0.0123	0.45	5.000e-05	1_100703_A_G	rs500019
1	100740	A	G	0.02000	0.0123	0.45	4.762e-05	1_100740_A_G	rs500020
1	100777	A	G	0.02100	0.0123	0.45	4.545e-05	1_100777_A_G	rs500021
1	100814	A	G	0.02200	0.0123	0.45	4.348e-05	1_100814_A_G	rs500022
1	100851	A	G	0.02300	0.0123	0.45	4.167e-05	1_100851_A_G	rs500023
1	100888	A	G	0.02400	0.0123	0.45	4.000e-05	1_100888_A_G	rs500024
1	100925	A	G	0.02500	0.0123	0.45	3.846e-05	1_100925_A_G	rs500025
1	100962	A	G	0.02600	0.0123	0.45	3.704e-05	1_100962_A_G	rs500026
1	100999	A	G	0.02700	0.0123	0.45	3.571e-05	1_100999_A_G	rs500027
1	101036	A	G	0.02800	0.0123	0.45	3.448e-05	1_101036_A_G	rs500028
1	101073	A	G	0.02900	0.0123	0.45	3.333e-05	1_101073_A_G	rs500029
1	101110	A	G	0.03000	0.0123	0.45	3.226e-05	1_101110_A_G	rs500030
1	101147	A	G	0.03100	0.0123	0.45	3.125e-05	1_101147_A_G	rs500031
1	101184	A	G	0.03200	0.0123	0.45	3.030e-05	1_101184_A_G	rs500032
1	101221	A	G	0.03300	0.0123	0.45	2.941e-05	1_101221_A_G	rs500033
1	101258	A	G	0.03400	0.0123	0.45	2.857e-05	1_101258_A_G	rs500034
1	101295	A	G	0.03500	0.0123	0.45	2.778e-05	1_101295_A_G	rs500035
1	101332	A	G	0.03600	0.0123	0.45	2.703e-05	1_101332_A_G	rs500036
1	101369	A	G	0.03700	0.0123	0.45	2.632e-05	1_101369_A_G	rs500037
1	101406	A	G	0.03800	0.0123	0.45	2.564e-05	1_101406_A_G	rs500038
1	101443	A	G	0.03900	0.0123	0.45	2.500e-05	1_101443_A_G	rs500039
1	101480	A	G	0.04000	0.0123	0.45	2.439e-05	1_101480_A_G	rs500040
1	101517	A	G	0.04100	0.0123	0.45	2.381e-05	1_101517_A_G	rs500041
1	101554	A	G	0.04200	0.0123	0.45	2.326e-05	1_101554_A_G	rs500042
1	101591	A	G	0.04300	0.0123	0.45	2.273e-05	1_101591_A_G	rs500043
1	101628	A	G	0.04400	0.0123	0.45	2.222e-05	1_101628_A_G	rs500044
1	101665	A	G	0.04500	0.0123	0.45	2.174e-05	1_101665_A_G	rs500045
1	101702	A	G	0.04600	0.0123	0.45	2.128e-05	1_101702_A_G	rs500046
1	101739	A	G	0.04700	0.0123	0.45	2.083e-05	1_101739_A_G	rs500047
1	101776	A	G	0.04800	0.0123	0.45	2.041e-05	1_101776_A_G	rs500048
1	101813	A	G	0.04900	0.0123	0.45	2.000e-05	1_101813_A_G	rs500049
1	101850	A	G	0.00000	0.0123	0.45	1.961e-05	1_101850_A_G	rs500050
1	101887	A	G	0.00100	0.0123	0.45	1.923e-05	1_101887_A_G	rs500051
1	101924	A	G	0.00200	0.0123	0.45	1.887e-05	1_101924_A_G	rs500052
1	101961	A	G	0.00300	0.0123	0.45	1.852e-05	1_101961_A_G	rs500053
1	101998	A	G	0.00400	0.0123	0.45	1.818e-05	1_101998_A_G	rs500054
1	102035	A	G	0.00500	0.0123	0.45	1.786e-05	1_102035_A_G	rs500055
1	102072	A	G	0.00600	0.0123	0.45	1.754e-05	1_102072_A_G	rs500056
1	102109	A	G	0.00700	0.0123	0.45	1.724e-05	1_102109_A_G	rs500057
1	102146	A	G	0.00800	0.0123	0.45	1.695e-05	1_102146_A_G	rs500058
1	102183	A	G	0.00900	0.0123	0.45	1.667e-05	1_102183_A_G	rs500059
1	102220	A	G	0.01000	0.0123	0.45	1.639e-05	1_102220_A_G	rs500060
1	102257	A	G	0.01100	0.0123	0.45	1.613e-05	1_102257_A_G	rs500061
1	102294	A	G	0.01200	0.0123	0.45	1.587e-05	1_102294_A_G	rs500062
1	102331	A	G	0.01300	0.0123	0.45	1.563e-05	1_102331_A_G	rs500063
1	102368	A	G	0.01400	0.0123	0.45	1.538e-05	1_102368_A_G	rs500064
1	102405	A	G	0.01500	0.0123	0.45	1.515e-05	1_102405_A_G	rs500065
1	102442	A	G	0.01600	0.0123	0.45	1.493e-05	1_102442_A_G	rs500066
1	102479	A	G	0.01700	0.0123	0.45	1.471e-05	1_102479_A_G	rs500067
1	102516	A	G	0.01800	0.0123	0.45	1.449e-05	1_102516_A_G	rs500068
1	102553	A	G	0.01900	0.0123	0.45	1.429e-05	1_102553_A_G	rs500069
1	102590	A	G	0.02000	0.0123	0.45	1.408e-05	1_102590_A_G	rs500070
1	102627	A	G	0.02100	0.0123	0.45	1.389e-05	1_102627_A_G	rs500071
1	102664	A	G	0.02200	0.0123	0.45	1.370e-05	1_102664_A_G	rs500072
1	102701	A	G	0.02300	0.0123	0.45	1.351e-05	1_102701_A_G	rs500073
1	102738	A	G	0.02400	0.0123	0.45	1.333e-05	1_102738_A_G	rs500074
1	102775	A	G	0.02500	0.0123	0.45	1.316e-05	1_102775_A_G	rs500075
1	102812	A	G	0.02600	0.0123	0.45	1.299e-05	1_102812_A_G	rs500076
1	102849	A	G	0.02700	0.0123	0.45	1.282e-05	1_102849_A_G	rs500077
1	102886	A	G	0.02800	0.0123	0.45	1.266e-05	1_102886_A_G	rs500078
1	102923	A	G	0.02900	0.0123	0.45	1.250e-05	1_102923_A_G	rs500079
1	102960	A	G	0.03000	0.0123	0.45	1.235e-05	1_102960_A_G	rs500080
1	102997	A	G	0.03100	0.0123	0.45	1.220e-05	1_102997_A_G	rs500081
1	103034	A	G	0.03200	0.0123	0.45	1.205e-05	1_103034_A_G	rs500082
1	103071	A	G	0.03300	0.0123	0.45	1.190e-05	1_103071_A_G	rs500083
1	103108	A	G	0.03400	0.0123	0.45	1.176e-05	1_103108_A_G	rs500084
1	103145	A	G	0.03500	0.0123	0.45	1.163e-05	1_103145_A_G	rs500085
1	103182	A	G	0.03600	0.0123	0.45	1.149e-05	1_103182_A_G	rs500086
1	103219	A	G	0.03700	0.0123	0.45	1.136e-05	1_103219_A_G	rs500087
1	103256	A	G	0.03800	0.0123	0.45	1.124e-05	1_103256_A_G	rs500088
1	103293	A	G	0.03900	0.0123	0.45	1.111e-05	1_103293_A_G	rs500089
1	103330	A	G	0.04000	0.0123	0.45	1.099e-05	1_103330_A_G	rs500090
1	103367	A	G	0.04100	0.0123	0.45	1.087e-05	1_103367_A_G	rs500091
1	103404	A	G	0.04200	0.0123	0.45	1.075e-05	1_103404_A_G	rs500092
1	103441	A	G	0.04300	0.0123	0.45	1.064e-05	1_103441_A_G	rs500093
1	103478	A	G	0.04400	0.0123	0.45	1.053e-05	1_103478_A_G	rs500094
1	103515	A	G	0.04500	0.0123	0.45	1.042e-05	1_103515_A_G	rs500095
1	103552	A	G	0.04600	0.0123	0.45	1.031e-05	1_103552_A_G	rs500096
1	103589	A	G	0.04700	0.0123	0.45	1.020e-05	1_103589_A_G	rs500097
1	103626	A	G	0.04800	0.0123	0.45	1.010e-05	1_103626_A_G	rs500098
1	103663	A	G	0.04900	0.0123	0.45	1.000e-05	1_103663_A_G	rs500099
